<EMAIL_CMD_START>
To:  tourplan@in.wetu.com
Bcc: <ue>
From: <ue>
Subject: XML Export: <bn>
<EMAIL_CMD_END>
<DATEFORMAT:YYYY-MM-DD>
<?xml version="1.0"?>
<GetBookingReply>
<BookingId><bhd></BookingId>
<Ref><br></Ref>
<Name><bn></Name>
<QB><bst></QB>
<Consult><ct></Consult>
<AgentID><ac></AgentID>
<AgentRef><ar></AgentRef>
<Email><ue></Email>
<TourplanBookingStatus><bst></TourplanBookingStatus>
<UDText1><ut1></UDText1>
<UDText2><ut2></UDText2>
<UDText3><ut3></UDText3>
<UDText4><ut4></UDText4>
<UDText5><ut5></UDText5>
<TourplanConsultant><cn></TourplanConsultant>
<SalesAnalysis1><sl1></SalesAnalysis1>
<SalesAnalysis2><sl2></SalesAnalysis2>
<SalesAnalysis3><sl3></SalesAnalysis3>
<SalesAnalysis4><sl4></SalesAnalysis4>
<SalesAnalysis5><sl5></SalesAnalysis5>
<SalesAnalysis6><sl6></SalesAnalysis6>
<TravelDate><td></TravelDate>
<EnteredDate><de></EnteredDate>
<BookingStatus><bst></BookingStatus>
<Currency><cur></Currency>
<AgentSell><cur><agent></AgentSell>
<PriceIncludes><nts:PI></PriceIncludes>
<PriceExcludes><nts:PE></PriceExcludes>
<TermsAndConditions><nts:TC></TermsAndConditions>
<Services>
<<services:start>>
<<default>>
<Service>
<ServiceLineId><VN></ServiceLineId>
<Opt><optd></Opt>
<Date><Date:XML></Date>
<SequenceNumber><seq></SequenceNumber>
<<ROOMS:START>>
<RoomConfigs>
<RoomConfig>
<RoomType><RoomType:d:xml></RoomType>
<<Names:Start>>
<PaxDetails>
<Title><Title:XML></Title>
<FirstName><forename></FirstName>
<LastName><surname></LastName>
<PaxType><PaxType:XML></PaxType>
<PaxText1><notes1></PaxText1>
<PaxText2><notes2></PaxText2>
<PaxText3><notes3></PaxText3>
<PaxText4><notes4></PaxText4>
<PaxText5><notes5></PaxText5>
</PaxDetails>
<<Names:End>>
</RoomConfig>
</RoomConfigs>
<<Rooms:End>>
<Adults><pax></Adults>
<Children><chd></Children>
<Infants><inf></Infants>
<LinePrice><agent></LinePrice>
<SCU><SCU:XML></SCU>
<SCUqty><qty2></SCUqty>
<Dropoff_Date><dpd></Dropoff_Date>
<doTime><dpt></doTime>
<doRemark><dp></doRemark>
<Remarks><rm></Remarks>
<SupplierName><sn></SupplierName>
<Description><optn></Description>
<Comment><optc></Comment>
<PriceCode><pc></PriceCode>
<TourplanServiceStatus><st></TourplanServiceStatus>
<ServiceCategory><SRV></ServiceCategory>
<LocationCode><LOC></LocationCode>
<Voucher_Status><VS></Voucher_Status>
<SupplierConfirmation><scf></SupplierConfirmation>
<DayNotes><nts:></DayNotes>
<ConsultantNotes><nts:GEA>
<nts:INF></ConsultantNotes>
<Included><ex:1></Included>
<Included><ex:2></Included>
<Included><ex:3></Included>
<Included><ex:4></Included>
<Included><ex:5></Included>
<Included><nts:RIN></Included>
<Pickup_Date><pud></Pickup_Date>
<puTime><put></puTime>
<puRemark><pu></puRemark>
</Service>
<<services:end>>
</Services>
<<Optionals:Start>>
<<optionalservices:start>>
<<default>>
<ServiceLineId><VN></ServiceLineId>
<Opt><optd></Opt>
<Date><Date:XML></Date>
<SequenceNumber><seq></SequenceNumber>
<<ROOMS:START>>
<RoomConfigs>
<RoomConfig>
<RoomType><RoomType:d:xml></RoomType>
<<Names:Start>>
<PaxDetails>
<Title><Title:XML></Title>
<FirstName><forename></FirstName>
<LastName><surname></LastName>
<PaxType><Paxtype:XML></PaxType>
<PaxText1><notes1></PaxText1>
<PaxText2><notes2></PaxText2>
<PaxText3><notes3></PaxText3>
<PaxText4><notes4></PaxText4>
<PaxText5><notes5></PaxText5>
</PaxDetails>
<<Names:End>>
</RoomConfig>
</RoomConfigs>
<<Rooms:End>>
<Adults><pax></Adults>
<Children><chd></Children>
<Infants><inf></Infants>
<LinePrice><agent></LinePrice>
<SCU><scu:XML></SCU>
<SCUqty><qty2></SCUqty>
<Dropoff_Date><dpd></Dropoff_Date>
<doTime><dpt></doTime>
<doRemark><dp></doRemark>
<Remarks><rm></Remarks>
<SupplierName><sn></SupplierName>
<Description><optn></Description>
<Comment><optc></Comment>
<PriceCode><pc></PriceCode>
<TourplanServiceStatus><st></TourplanServiceStatus>
<ServiceCategory><SRV></ServiceCategory>
<LocationCode><LOC></LocationCode>
<Voucher_Status><VS></Voucher_Status>
<SupplierConfirmation><scf></SupplierConfirmation>
<Pickup_Date><pud></Pickup_Date>
<puTime><put></puTime>
<puRemark><pu></puRemark>
<<optionalservices:end>>
<<Optionals:end>>
</GetBookingReply>
