[
  {
    "PartnerIdentifier": "itinerary_service_id_KEFPTICEH01PT009",
    "Description": "&lt;ul&gt;&lt;li&gt;Your driver will meet you holding a name sign.&lt;/li&gt;&lt;li&gt;Luggage: 1 suitcase and 1 carry on per person&lt;/li&gt;&lt;li&gt;A 3 hour stop at Blue Lagoon is included.&lt;/li&gt;&lt;li&gt;Luggage can be left in the car while visiting the Lagoon.&lt;/li&gt;&lt;li&gt;Waiting time at the Airport is 45 minutes&lt;/li&gt;&lt;/ul&gt; If you are experiencing any issues with the transfer, please call Iceland Highlights on +354 415 0263."
  },
  {
    "PartnerIdentifier": "itinerary_service_id_GRDTDBLUE01TD007",
    "Description": "&lt;ul&gt;&lt;li&gt;Entrance to the Blue Lagoon&lt;/li&gt;&lt;li&gt;Silica mud mask&lt;/li&gt;&lt;li&gt;Use of towel&lt;/li&gt;&lt;li&gt;1st drink of your choice&lt;/li&gt;&lt;li&gt;Use of shampoo, conditioner and moisturizer&lt;/li&gt;&lt;/ul&gt; Experience the wonders of the Blue Lagoon enhanced with the prime elements of hospitality and wellbeing. Please find your voucher with the travel documents."
  },
  {
    "PartnerIdentifier": "itinerary_service_id_REKACEXE001AC003",
    "Description": "Embark on an adventure of luxury at the Exeter Hotel&#x27;s Deluxe Rooms, where en suite bathrooms, modern amenities, and chic embellishments await. Perfect for unwinding, plotting your Icelandic escapades, or working on your next daring endeavour. Whether you crave a double or twin arrangement, these rooms offer easy access to upper floors via elevator, alongside thrilling extras like a flat-screen TV, Bluetooth speaker, and prompt wake-up service. Elevate your Exeter Hotel stay and embrace the adventure!"
  },
  {
    "PartnerIdentifier": "itinerary_service_id_REKTDCWREK1TD003",
    "Description": "&lt;ul&gt;&lt;li&gt;Departure from: Your hotel in Reykjavik&lt;/li&gt;&lt;li&gt;Duration: 3 hours&lt;/li&gt;&lt;li&gt;Included: Fully guided walking tour of Reykjavik including food tastings&lt;/li&gt;&lt;li&gt;Activity level: Easy&lt;/li&gt;&lt;li&gt;Tour Style: Private&lt;/li&gt;&lt;li&gt;Your guide is Marteinn Briem.&lt;/li&gt;&lt;li&gt;His direct contact number is +354 823 0760&lt;/li&gt;&lt;/ul&gt; Enjoy a private food tasting tour through Reykjavik together with a passionate local guide. This walking tour covers Reykjavik&#x27;s highlights. Along the way, you visit small, local restaurants and taste Icelandic delicacies ranging from traditional food to modern kitchen in street style to fine dining - a tasting journey you will remember! Please inform your guide of any dietary restrictions. Please meet him at your hotel lobby. Kindly let him know if you are running late or wish to have the meeting earlier."
  },
  {
    "PartnerIdentifier": "itinerary_service_id_REKOT50DN01REK001",
    "Description": "Enjoy your day at leisure in Reykjavik. Visit highlights such as Perlan, Church of Hallgrímur (Hallgrímskirkja), Videy Island, the waterfront area &amp; Sun Voyager. For an Icelandic Culinary experience visit Hlemmur Food Hall or Grandi Food Hall."
  },
  {
    "PartnerIdentifier": "itinerary_service_id_REKPTICEH01PT006",
    "Description": "&lt;ul&gt;&lt;li&gt;Please be ready at the Hotel lobby 10 minutes before departure.&lt;/li&gt;&lt;li&gt;Luggage: 1 suitcase and 1 carry on per person&lt;/li&gt;&lt;/ul&gt; If you are experiencing any issues with the transfer, please call Iceland Highlights on +354 415 0263."
  },
  {
    "PartnerIdentifier": "itinerary_service_id_ICERCHOLDURRC007",
    "Description": "&lt;ul&gt;&lt;li&gt;Collision Damage Waiver (CDW)&lt;/li&gt;&lt;li&gt;Personal Accident Insurance (PAI)&lt;/li&gt;&lt;li&gt;Theft Protection (TP)&lt;/li&gt;&lt;li&gt;unlimited mileage&lt;/li&gt;&lt;li&gt;airport charges and taxes&lt;/li&gt;&lt;li&gt;GPS navigational system&lt;/li&gt;&lt;li&gt;VIP Service at KEF airport for pick-up&lt;/li&gt;&lt;li&gt;A representative from the car rental company will meet you at your hotel lobby and drive you to the nearby rental location where your car is located.&lt;/li&gt;&lt;/ul&gt; Car hire with Holdur in Iceland includes: The VIP service includes; Privileged line and a rental agreement ready for you to sign and the car will be in our VIP parking place just outside the airport. Please note a complimentary hotel pick-up can be arranged on request. NOTE: Additional charges apply for; extra driver, one way fees, young driver damage waiver (for all drivers under 26 years), excess reduction, additional equipment such as child seats, etc. Holdur will charge a pre-authorisation on your Credit Card when you pick up your vehicle for any extra cost that might occur during your rental period. If no charges apply, the pre-authorization is released from the CC after your rental period. The amount of the pre-authorization depends on the insurance / Collision Damage Waiver (CDW) level included in your booking. Standard level is 75.000 ISK and you can lower this amount by choosing another insurance level when picking up your car. After-hours contact number: In case of emergency regarding your rental car outside opening hours please call (+354) 840 6010 Reykjavik office hours are as below: Skútuvogur 8, IS-104 Reykjavik Tel (+354) 568 6915 Open: Mon-Fri. 08:00-17:00, Sat 08:00-16:00, Sun: 09:00-16:00 Njarðargata, IS-101 Reykjavik Tel (+354) 461 6100 Open: Mon-Fri. 08:00-18:00, Sat &amp; Sun: 09:00-17:00 After hours emergency phone for Holdur is  (+354) 840 6010 At the airport, pick up your vehicle from the Europcar/Holdur desk.  When dropping the vehicle off in Reykjavik, clients will get a courtesy shuttle transfer to their city hotel. The last shuttle will depart about 60 min prior to office closure. When dropping the vehicle off at Akureyri airport, please note that the airport depot opens ca. 1 hour before the morning flights. You will be picked up from your hotel and taken to Holdur office. Please be patient, your pick up may take up to 30 minutes to arrive. Please note, drive times in this document are approximate, and do not take into account road conditions. Always reserve extra time when driving. Please check today&#x27;s conditions at https://safetravel.is/."
  },
  {
    "PartnerIdentifier": "itinerary_service_id_AUSOT50DN01SDRIVE",
    "Description": "&lt;ul&gt;&lt;li&gt;https://maps.app.goo.gl/Wn7LMuod3cVnz3NWA&lt;/li&gt;&lt;/ul&gt; Driving and Sightseeing Day 1 Tour the highlights of the Golden Circle and the start of the South Coast on your way to Vík: NORWAY: Europeans love driving in Norway and during the summer months, the more popular tourist roads becomes crowded with European vans. This can slow the roads down, as it can be difficult to pass these vans. Norwegian country roads are often quite narrow. Having said this, these roads are incredibly scenic and have lots of picnic &amp; photo spots. If you are going to be using ferries during your drive, depending on the size of the ferry, this might involve a wait to get on. The ferries are reliable and regular but you may need to arrive early to secure a spot in the line. On some of the ferries, consider catching a ferry outside of the peak times. Your accommodation hosts will have the most up to date local information on hand so ask them for suggestions for your following days travel. ICELAND: In regards to gravel roads; technically you’re not recommended to take a hire car on gravel roads, but in Iceland you may not have a choice. Some guesthouses are located on gravel roads. Consider getting extra car insurance with gravel protection if it is something that might worry you."
  },
  {
    "PartnerIdentifier": "itinerary_service_id_VIKACHKR002AC00B",
    "Description": "The Mountain View rooms are designed for double occupancy but can accommodate up to three guests with the option to add an extra bed. Positioned on both the first and second floors of the hotel, these rooms offer stunning views of the mountains. Each room is equipped with WiFi access, a TV, and complimentary tea and coffee amenities."
  },
  {
    "PartnerIdentifier": "itinerary_service_id_HVLTDSCA003TD004",
    "Description": "&lt;ul&gt;&lt;li&gt;Included: Helmets and crampons if condition requires.&lt;/li&gt;&lt;li&gt;Duration of trip: approx. 3 hours&lt;/li&gt;&lt;li&gt;Minimum age: 10 Years&lt;/li&gt;&lt;li&gt;Operates: Daily. All year&lt;/li&gt;&lt;li&gt;Skill level: Easy&lt;/li&gt;&lt;/ul&gt; Looking for something off the typical tourist track? This is the tour for you! It&#x27;s time to jump into a Super Jeep, strap on your crampons and step into the mighty Myrdalsjokull glacier. Mother Nature has really outdone herself with this one, the movie-like surroundings and glaciers everywhere you look and grand ice walls you walk amongst to enter the magical blue and black ice dome of the outlet glacier named after the powerful volcano Katla. Prepare to be amazed! Bring with you: Warm outdoor clothing, waterproof jacket and trousers, head-wear, gloves and lunch. Appropriate hiking boots/shoes are required Tour guide will meet you outside the Ice Cave Bistro/Restaurant in Vík. By the entrance at the back of the building, you will be able to find the guide standing by a Super Jeep marked with Southcoast Adventure."
  },
  {
    "PartnerIdentifier": "itinerary_service_id_AUSOT50DN01SDRIVE",
    "Description": "&lt;ul&gt;&lt;li&gt;https://maps.app.goo.gl/oPGToQZUyWfDUbPWA&lt;/li&gt;&lt;/ul&gt; Driving and Sightseeing Day 2 After your morning tour to the Katla Ice Cave, continue East to the Glacier Lagoon for your Zodiac Boat tour and finishing your day at the Fosshótel Vatnajökull: NORWAY: Europeans love driving in Norway and during the summer months, the more popular tourist roads becomes crowded with European vans. This can slow the roads down, as it can be difficult to pass these vans. Norwegian country roads are often quite narrow. Having said this, these roads are incredibly scenic and have lots of picnic &amp; photo spots. If you are going to be using ferries during your drive, depending on the size of the ferry, this might involve a wait to get on. The ferries are reliable and regular but you may need to arrive early to secure a spot in the line. On some of the ferries, consider catching a ferry outside of the peak times. Your accommodation hosts will have the most up to date local information on hand so ask them for suggestions for your following days travel. ICELAND: In regards to gravel roads; technically you’re not recommended to take a hire car on gravel roads, but in Iceland you may not have a choice. Some guesthouses are located on gravel roads. Consider getting extra car insurance with gravel protection if it is something that might worry you."
  },
  {
    "PartnerIdentifier": "itinerary_service_id_JOUTDJGL001TD001",
    "Description": "&lt;ul&gt;&lt;li&gt;1 hour guided Zodiac boat tour&lt;/li&gt;&lt;li&gt;Flotation suits and life jackets&lt;/li&gt;&lt;/ul&gt; On the Zodiac we are able to cover large areas of the lagoon and get closer to the icebergs than on the amphibian. When possible the Zodiac goes almost all the way up to the glacier (as close as safe). Please note: Passengers must be 10 years old or older or at least 130 cm tall to go on the Zodiac tour. Check-in is 30 minutes before departure at the ticket office. The location is JÖKULSÁRLÓN (Glacier Lagoon). Please find your voucher with the travel documents."
  },
  {
    "PartnerIdentifier": "itinerary_service_id_HFNACFHV001AC01B",
    "Description": "Experience charming rooms with captivating views, featuring sleek contemporary design and essential amenities such as a TV, mini fridge, coffee and tea maker, telephone, and complimentary WiFi. Refresh in the well-appointed bathroom before immersing yourself in the serene surroundings just beyond the window."
  },
  {
    "PartnerIdentifier": "itinerary_service_id_AUSOT50DN01SDRIVE",
    "Description": "&lt;ul&gt;&lt;li&gt;https://maps.app.goo.gl/hgZPGPx8NommGLrAA&lt;/li&gt;&lt;/ul&gt; Driving and Sightseeing Day 3 Take your time driving through Iceland&#x27;s East Fjords finishing the day in Egilsstaðir with a visit to the Vök Baths in the evening: NORWAY: Europeans love driving in Norway and during the summer months, the more popular tourist roads becomes crowded with European vans. This can slow the roads down, as it can be difficult to pass these vans. Norwegian country roads are often quite narrow. Having said this, these roads are incredibly scenic and have lots of picnic &amp; photo spots. If you are going to be using ferries during your drive, depending on the size of the ferry, this might involve a wait to get on. The ferries are reliable and regular but you may need to arrive early to secure a spot in the line. On some of the ferries, consider catching a ferry outside of the peak times. Your accommodation hosts will have the most up to date local information on hand so ask them for suggestions for your following days travel. ICELAND: In regards to gravel roads; technically you’re not recommended to take a hire car on gravel roads, but in Iceland you may not have a choice. Some guesthouses are located on gravel roads. Consider getting extra car insurance with gravel protection if it is something that might worry you."
  },
  {
    "PartnerIdentifier": "itinerary_service_id_EGSACGLHE01AC01B",
    "Description": "The Superior Double with Mountain view is 25sqm in size and has a private entrance and an expansive view of the mountains. Facilities in the room include wooden floor, seating area, bathroom with shower, free Wi-Fi, satellite TV, telephone, tea and coffee making facilities, iron with ironing board and hair dryer."
  },
  {
    "PartnerIdentifier": "itinerary_service_id_ICEOT50DN01ADM",
    "Description": "&lt;ul&gt;&lt;li&gt;floating geothermal pools with infinity view&lt;/li&gt;&lt;li&gt;two on shore hot pools&lt;/li&gt;&lt;li&gt;a sauna&lt;/li&gt;&lt;li&gt;cold water spray tunnel&lt;/li&gt;&lt;li&gt;tea bar&lt;/li&gt;&lt;li&gt;an in-water pool bar&lt;/li&gt;&lt;li&gt;the on-site restaurant, Vök Bistro&lt;/li&gt;&lt;/ul&gt; Vök Baths Iceland&#x27;s only floating infinity pools Experience the age-old Icelandic tradition of bathing in a natural geothermal pool. Vök Baths is located on the bank of Urriðavatn lake, only a few minutes from the town of Egilsstaðir. At Vök Baths you will find, floating geothermal pools with infinity view, two on shore hot pools, a sauna, cold water spray tunnel, tea bar, an in-water pool bar, and the on-site restaurant, Vök Bistro. Water is life Iceland is famous for its geothermal activity. However, East Iceland is normally not associated with geothermal heat and considered a cold spot. This makes Vök Baths an even more unique attraction. Throughout the centuries, people living around Lake Urriðavatn noticed certain spots on the lake that curiously did not freeze during winter. The Icelandic name given to these ice-free patches is “Vök” (plural Vakir). The warm water flowing from the ground at Urriðavatn lake is so pure that it is the only geothermal water in Iceland certified as drinkable. You can taste the water and refresh your body at our complimentary tea bar."
  },
  {
    "PartnerIdentifier": "itinerary_service_id_AUSOT50DN01SDRIVE",
    "Description": "&lt;ul&gt;&lt;li&gt;https://maps.app.goo.gl/CUMk1ab4enw2Z8qeA&lt;/li&gt;&lt;/ul&gt; Driving and Sightseeing Day 4 Drive through the highlands of Northeast Iceland, stopping at sights along the way before ending in Húsavík for the night: NORWAY: Europeans love driving in Norway and during the summer months, the more popular tourist roads becomes crowded with European vans. This can slow the roads down, as it can be difficult to pass these vans. Norwegian country roads are often quite narrow. Having said this, these roads are incredibly scenic and have lots of picnic &amp; photo spots. If you are going to be using ferries during your drive, depending on the size of the ferry, this might involve a wait to get on. The ferries are reliable and regular but you may need to arrive early to secure a spot in the line. On some of the ferries, consider catching a ferry outside of the peak times. Your accommodation hosts will have the most up to date local information on hand so ask them for suggestions for your following days travel. ICELAND: In regards to gravel roads; technically you’re not recommended to take a hire car on gravel roads, but in Iceland you may not have a choice. Some guesthouses are located on gravel roads. Consider getting extra car insurance with gravel protection if it is something that might worry you."
  },
  {
    "PartnerIdentifier": "itinerary_service_id_HZKACFHHI01AC01A",
    "Description": "These standard rooms measure approximately 23 square-meters in size and amenities feature a satellite TV, hairdryer, telephone, mini-fridge, radio, private bathroom and free WiFi."
  },
  {
    "PartnerIdentifier": "itinerary_service_id_HZKADGEOSEAAD001",
    "Description": "&lt;ul&gt;&lt;li&gt;Storage&lt;/li&gt;&lt;li&gt;Vendor&lt;/li&gt;&lt;li&gt;Hygiene&lt;/li&gt;&lt;li&gt;How to Get here: Follow the yellow Lighthouse.&lt;/li&gt;&lt;/ul&gt; The GeoSea sea baths i located on the Húsavíkurhöfði cape in North-Iceland. Thanks to the underground heat, the seawater in the baths is warm and comfortable and the mineral-rich water will caress your skin. While the warm sea works its miracles, you can enjoy the view of the mountain range to the west, Skjalfandi Bay beneath the cliffs and the Arctic Circle itself on the horizon. You may put your belongings and valuables into your locker or leave your valuables in the reception. In the baths guests can purchase a number of beverages like beer, wine and non-alcoholic drinks. All guests are asked to take a shower and wash thoroughly before entering the baths. Geosea provides soap, shampoo and conditioner from the Icelandic natural skincare company,  Sóley Organics.  Located on the town&#x27;s northern edge, GeoSea sits at the base of the bright yellow Húsavíkurviti lighthouse. Vitaslóð 1, 640 Húsavík, Iceland Please find your voucher with the travel documents"
  },
  {
    "PartnerIdentifier": "itinerary_service_id_HZKTDNS001 TD001",
    "Description": "&lt;ul&gt;&lt;li&gt;Hot chocolate and cinnamon buns&lt;/li&gt;&lt;li&gt;expert whale watching guide&lt;/li&gt;&lt;li&gt;warm overalls and raincoats if needed.&lt;/li&gt;&lt;li&gt;Duration: 3hrs&lt;/li&gt;&lt;li&gt;Meeting Point: Whale Watching Centre, Hafnarstétt 9, Húsavík 640, IS&lt;/li&gt;&lt;/ul&gt; Experience the Original Húsavík Whale Watching tour that has built a reputation for the town of Húsavík as the capital of whale watching in Iceland. Discover the magnificent nature of Skjalfandi bay observing whales, dolphins and sea birds in their natural habitat. Enjoy the smooth, safe sailing of a traditional Icelandic oak boat and treat your self to a cup of hot cocoa and traditional Icelandic scones. Recommended by thousands of satisfied travellers worldwide the Original Husavik Whale Watching tour is an authentic wildlife adventure by the pioneers of whale watching in Iceland. Bring with you: Warm clothes Tour starts at the harbour in Húsavík. The Ticket Centre is located above the harbour across the street from the church. Please arrive at the ticket office in Húsavík no later than 30 minutes before departure to collect your boarding pass. Please find your voucher with the travel documents."
  },
  {
    "PartnerIdentifier": "itinerary_service_id_AUSOT50DN01SDRIVE",
    "Description": "&lt;ul&gt;&lt;li&gt;https://maps.app.goo.gl/qg9EsHoAUZfCbzRM6&lt;/li&gt;&lt;/ul&gt; Driving and Sightseeing Day 6 Head East from Húsavik towards the Northern city of Akureyri. Optional stop at the new Forest Lagoon for a quick dip is highly recommended, then continue into Akureyri for the evening: NORWAY: Europeans love driving in Norway and during the summer months, the more popular tourist roads becomes crowded with European vans. This can slow the roads down, as it can be difficult to pass these vans. Norwegian country roads are often quite narrow. Having said this, these roads are incredibly scenic and have lots of picnic &amp; photo spots. If you are going to be using ferries during your drive, depending on the size of the ferry, this might involve a wait to get on. The ferries are reliable and regular but you may need to arrive early to secure a spot in the line. On some of the ferries, consider catching a ferry outside of the peak times. Your accommodation hosts will have the most up to date local information on hand so ask them for suggestions for your following days travel. ICELAND: In regards to gravel roads; technically you’re not recommended to take a hire car on gravel roads, but in Iceland you may not have a choice. Some guesthouses are located on gravel roads. Consider getting extra car insurance with gravel protection if it is something that might worry you."
  },
  {
    "PartnerIdentifier": "itinerary_service_id_AEYACHKEA01AC01B",
    "Description": "The superior rooms are spacious and neatly decorated in a classic style. They are equipped with modern amenities to ensure a pleasant stay."
  },
  {
    "PartnerIdentifier": "itinerary_service_id_AEYTDIIT001TD005",
    "Description": "&lt;ul&gt;&lt;li&gt;Departure from: Akureryi Hotel&lt;/li&gt;&lt;li&gt;Departure time: 21:30&lt;/li&gt;&lt;li&gt;Duration: 2-3 hours&lt;/li&gt;&lt;li&gt;Included: Northern Lights guide, transport in a mini bus, Hotel pick up &amp; drop off, Icelandic tales&lt;/li&gt;&lt;/ul&gt; This wonderful tour takes you hunting for Northern lights with an expert top rated Northern Lights guide through the winter night. The hunt takes you out of town to the countryside, away from the bright lights of the city so that the Northern Lights can be seen in all their beauty and colours. The local guide will share Icelandic tales during the journey on this magical tour. Please note the Northern Lights are a natural phenomenon and are also dependant on weather conditions therefore it is not possible to guarantee they will be sighted however if the guide confirms no lights were seen, you will be offered a free retry the next day if the tour is running.  Bring with you: Warm clothing and extra layers, gloves"
  },
  {
    "PartnerIdentifier": "itinerary_service_id_AUSOT50DN01SDRIVE",
    "Description": "&lt;ul&gt;&lt;li&gt;https://maps.app.goo.gl/Zy3YAzkzsJJ9Mkdz6&lt;/li&gt;&lt;/ul&gt; Driving and Sightseeing Day 7 Spend the day exploring the remote Northern Peninsulas at your leisure, ending the day at the Brimslóð Guesthouse: NORWAY: Europeans love driving in Norway and during the summer months, the more popular tourist roads becomes crowded with European vans. This can slow the roads down, as it can be difficult to pass these vans. Norwegian country roads are often quite narrow. Having said this, these roads are incredibly scenic and have lots of picnic &amp; photo spots. If you are going to be using ferries during your drive, depending on the size of the ferry, this might involve a wait to get on. The ferries are reliable and regular but you may need to arrive early to secure a spot in the line. On some of the ferries, consider catching a ferry outside of the peak times. Your accommodation hosts will have the most up to date local information on hand so ask them for suggestions for your following days travel. ICELAND: In regards to gravel roads; technically you’re not recommended to take a hire car on gravel roads, but in Iceland you may not have a choice. Some guesthouses are located on gravel roads. Consider getting extra car insurance with gravel protection if it is something that might worry you."
  },
  {
    "PartnerIdentifier": "itinerary_service_id_BLÖACBRIMSAAC01A",
    "Description": "&lt;ul&gt;&lt;li&gt;The dinner starts at 19:30 for all of our guests. Please advise if you are arriving later by calling the reception + 354 820 0998&lt;/li&gt;&lt;/ul&gt; The standard room is featured with either double or twin beds. It has a private bathroom, free wifi and includes a continental breakfast. *if your dinner has been included; "
  },
  {
    "PartnerIdentifier": "itinerary_service_id_AUSOT50DN01SDRIVE",
    "Description": "&lt;ul&gt;&lt;li&gt;https://maps.app.goo.gl/PJpSQ6wpqUt9CYny7&lt;/li&gt;&lt;/ul&gt; Driving and Sightseeing day 8 Head into the remote West Fjords of Iceland: NORWAY: Europeans love driving in Norway and during the summer months, the more popular tourist roads becomes crowded with European vans. This can slow the roads down, as it can be difficult to pass these vans. Norwegian country roads are often quite narrow. Having said this, these roads are incredibly scenic and have lots of picnic &amp; photo spots. If you are going to be using ferries during your drive, depending on the size of the ferry, this might involve a wait to get on. The ferries are reliable and regular but you may need to arrive early to secure a spot in the line. On some of the ferries, consider catching a ferry outside of the peak times. Your accommodation hosts will have the most up to date local information on hand so ask them for suggestions for your following days travel. ICELAND: In regards to gravel roads; technically you’re not recommended to take a hire car on gravel roads, but in Iceland you may not have a choice. Some guesthouses are located on gravel roads. Consider getting extra car insurance with gravel protection if it is something that might worry you."
  },
  {
    "PartnerIdentifier": "itinerary_service_id_IFJACHHORN ACO1B",
    "Description": "The superior rooms offer comfort and plenty of space. The rooms are furnished in clean lines inspired by nature around the Westfjords. The room accommodates two people in a double bed. Room facilities include a seating area, bathroom with shower, hair dryer, wireless internet, coffee tray, and 32-42 inch TV."
  },
  {
    "PartnerIdentifier": "itinerary_service_id_AUSOT50DN01SDRIVE",
    "Description": "&lt;ul&gt;&lt;li&gt;https://maps.app.goo.gl/LzxvzfFowctYmEQq8&lt;/li&gt;&lt;/ul&gt; Continue your sightseeing drive through the West Fjords, getting to the Brjánslækur ferry int time for the 18:00 departure for Stykkishólmur: NORWAY: Europeans love driving in Norway and during the summer months, the more popular tourist roads becomes crowded with European vans. This can slow the roads down, as it can be difficult to pass these vans. Norwegian country roads are often quite narrow. Having said this, these roads are incredibly scenic and have lots of picnic &amp; photo spots. If you are going to be using ferries during your drive, depending on the size of the ferry, this might involve a wait to get on. The ferries are reliable and regular but you may need to arrive early to secure a spot in the line. On some of the ferries, consider catching a ferry outside of the peak times. Your accommodation hosts will have the most up to date local information on hand so ask them for suggestions for your following days travel. ICELAND: In regards to gravel roads; technically you’re not recommended to take a hire car on gravel roads, but in Iceland you may not have a choice. Some guesthouses are located on gravel roads. Consider getting extra car insurance with gravel protection if it is something that might worry you."
  },
  {
    "PartnerIdentifier": "itinerary_service_id_BRJFRSEAT01FR001",
    "Description": "Ferry Baldur operates all year round*. The journey time from Brjánslækur - Stykkisholmur is about 2 hours and 30 minutes. Services on board: Located underneath ferry Baldur&#x27;s vehicle deck, the restaurant Bára offers an assortment of refreshments, including hot and cold meals, drinks and sweets. Free Wi-Fi is available on board.*The ferry does not operate on -Christmas 24 &amp; 25 Dec New year 31 Dec &amp; 1 Jan Good Friday &amp; Easter Sunday Seamans holiday: 2 June 2024"
  },
  {
    "PartnerIdentifier": "itinerary_service_id_SNEACHEG001AC01A",
    "Description": "There is one room on the first floor and two that are located on the third floor with one of them having a view towards the harbour. The rooms on the third floor have sloped ceiling but are very comfortable with the all natural COCO-Mat beds, goose-down duvets and pillows with ecological cotton bedcovers. There is also a power shower in the bathroom and L&#x27;Occitane amenities."
  },
  {
    "PartnerIdentifier": "itinerary_service_id_AUSOT50DN01SDRIVE",
    "Description": "&lt;ul&gt;&lt;li&gt;https://maps.app.goo.gl/8JZydu5PRhZE9y678&lt;/li&gt;&lt;/ul&gt; Driving and Sightseeing day 9 Head out early for a day of sightseeing in the Snaefellsness Peninsula, including a whale watching tour, ending in Reykholt for the evening: NORWAY: Europeans love driving in Norway and during the summer months, the more popular tourist roads becomes crowded with European vans. This can slow the roads down, as it can be difficult to pass these vans. Norwegian country roads are often quite narrow. Having said this, these roads are incredibly scenic and have lots of picnic &amp; photo spots. If you are going to be using ferries during your drive, depending on the size of the ferry, this might involve a wait to get on. The ferries are reliable and regular but you may need to arrive early to secure a spot in the line. On some of the ferries, consider catching a ferry outside of the peak times. Your accommodation hosts will have the most up to date local information on hand so ask them for suggestions for your following days travel. ICELAND: In regards to gravel roads; technically you’re not recommended to take a hire car on gravel roads, but in Iceland you may not have a choice. Some guesthouses are located on gravel roads. Consider getting extra car insurance with gravel protection if it is something that might worry you."
  },
  {
    "PartnerIdentifier": "itinerary_service_id_SNETDLAK001TD001",
    "Description": "&lt;ul&gt;&lt;li&gt;Departure: 1st April to 14th June &amp; 20th Aug to 15th Sept at 13:00.&lt;/li&gt;&lt;li&gt;From 15th June to 19th Aug at 10:00 and 14:00.&lt;/li&gt;&lt;li&gt;Meeting point: Ólafsvík, Snæfellsnes Peninsula&lt;/li&gt;&lt;li&gt;Duration: Approx 3 hours&lt;/li&gt;&lt;li&gt;Min persons on the tour: 4&lt;/li&gt;&lt;li&gt;Contact Tel: +354 5466808&lt;/li&gt;&lt;/ul&gt; Nowhere else in Iceland is there a better chance to see the Ocean&#x27;s Big Animals than along the Snæfellsnes Peninsula coastline: Sprem, Fin, Humpback, Minke and Killer Whale. Other possible sightings are Sei, Pilot whale plus dolphins and porpoises. This unique trip takes us into the waters where ocean giants swim in the shadow of the magnificent Snæfellsjökull Glacier, searching around the Snæfellsnes peninsula. Nowhere else in Iceland is there a better change to see toothed-whales such as orcas, sperm whales and pilot whales than along this beautiful coastline. The orcas are more often seen in winter and early in the summer, during April and June, but there is a chance of seeing them all the way through the summer months. Male sperm whales can be seen especially in June in deeper water. Other whales that can be seen are humpback whales and minke whales as well as white-beaked dolphins. We get as close as we can without disturbing the whales while we enjoy the spectacle of them feeding and playing. NOTE: Subject of weather conditions. Bring with you: Warm clothing Please be at the meeting point 30 min before tour start. Please contact Laki Tours 24 hours BEFORE the scheduled departure so they can confirm departures of any tours."
  },
  {
    "PartnerIdentifier": "itinerary_service_id_REYACFHRE02AC01B",
    "Description": "Fosshotel Reykholt offers modern and well-designed rooms in a lifely, although relaxing environment in West Iceland. Rooms are equipped with a TV, fridge, hairdryer, coffee &amp; tea maker, telephone, bathroom and free WiFi."
  },
  {
    "PartnerIdentifier": "itinerary_service_id_HUFTDARC001TD001",
    "Description": "&lt;ul&gt;&lt;li&gt;Tour in a specially modified glacier vehicle on Langjokull glacier. Departure from Húsafell Information Centre&lt;/li&gt;&lt;li&gt;Entrance and English speaking guidance in the ice cave and tunnels.&lt;/li&gt;&lt;li&gt;English speaking driver/ guide/audio guidance.&lt;/li&gt;&lt;li&gt;Free WiFi in glacier vehicles.&lt;/li&gt;&lt;/ul&gt; Your Into The Glacier Adventure is truly a unique experience. You will get the opportunity of a life time to enjoy one of the world&#x27;s greatest wilderness; Iceland&#x27;s second largest glacier – from the inside! Never before the Langjokull ice tunnels, has anyone been able to see the beautiful blue ice at the heart of an ice cap glacier. You&#x27;ll get to drive in a specially modified snow truck on the glacier, explore the glacier environment, enjoy a view out of this world and go INTO the glacier to experience the glacier&#x27;s beauty from"
  }
]
