[
  {
    "Id": 3684520,
    "CreatedByUserId": 3310065,
    "IsActive": false,
    "SegmentProviderName": "Bislet Limousine AS ",
    "SegmentIdentifier": "132909",
    "Name": "Private transfer Oslo Gardermoen Airport to City",
    "Description": "<!-- __v1.174fcf56:1e076c27b5bbe274fbc86a9bc1ec4fbc --><p>Your driver will meet you holding a name sign. Transfers include one suitcase and one carry on per person. Any additional luggage must be pre-booked. Bislet Limousine service Emergency number: + 47 900 29 085.</p>",
    "StartTimeZoneId": null,
    "StartTimeInMinutes": null,
    "DurationInMinutes": null,
    "StartTerminal": null,
    "StartGate": null,
    "PriceInCents": null,
    "CurrencyCode": "USD",
    "TransportationIdentifier": null,
    "EventType": 4,
    "PartnerIdentifier": null,
    "Images": [],
    "ReservationDescription": null
  },
  {
    "Id": 3718062,
    "CreatedByUserId": 3310065,
    "IsActive": false,
    "SegmentProviderName": null,
    "SegmentIdentifier": "",
    "Name": "Hotel Continental Oslo",
    "Description": "<!-- __v1.174fcf56:bd95deb4f9e7d97e3165bd73d5066cf0 --><p><strong>Location</strong></p><p>This 5-star hotel is located convenient and central in Oslo. Guests can reach public transportation within around 100 yards.</p><p><strong>Facilities</strong></p><p>Guests are warmly welcomed by multilingual staff at the 24-hour reception desk in the lobby. Check-in/check-out service is available around the clock. Amenities include a baggage storage service and a safe. Wireless internet access is provided in public areas. The tour desk offers assistance with booking excursions. The hotel has a range of facilities for guests with disabilities. The hotel has wheelchair-accessible facilities. There are a number of shops, including a supermarket. Guests arriving by car can park their vehicles in the garage (for a fee) or in the parking lot. Further services include a 24-hour security service, a babysitting service, a childcare service, a car rental service, medical assistance, a transfer service, room service, a laundry service, a hairdresser, a coin-operated laundry, a page service and a hotel shuttle bus. Complimentary newspapers are available. To assist guests with their business and communication needs, the business center offers a fax machine. 6 conference rooms are available for lectures, presentations and meetings.</p>",
    "StartTimeZoneId": null,
    "StartTimeInMinutes": null,
    "DurationInMinutes": 0,
    "StartTerminal": null,
    "StartGate": null,
    "PriceInCents": null,
    "CurrencyCode": null,
    "TransportationIdentifier": null,
    "EventType": 6,
    "PartnerIdentifier": null,
    "Images": [
      "https://d6ham14n5a27z.cloudfront.net/img/c_w400,h300,mFocusCover/i_h32a2472a5d0099092e3a28f679c71bbc8b5a29aa.png",
      "https://d6ham14n5a27z.cloudfront.net/img/c_w400,h300,mFocusCover/i_he0bf44c4e21cb578ce2cea7337ae4a9c501660f1.png"
    ],
    "ReservationDescription": "Superior room including breakfast / 1 Double"
  },
  {
    "Id": 3724211,
    "CreatedByUserId": 3310065,
    "IsActive": false,
    "SegmentProviderName": null,
    "SegmentIdentifier": null,
    "Name": "Check in at Rival",
    "Description": "**Location**\n\nThis 4-star hotel warmly welcomes guests in Stockholm. There are connections to public transportation in the immediate vicinity.\n\n\n**Facilities**\n\nThe hotel has 99 rooms, which are located on 7 stories and are reachable by elevator. The friendly staff at the reception desk are happy to answer any questions. Amenities include a coat check, baggage storage service, safe and currency exchange service. Wireless internet access is provided in public areas. The tour desk offers assistance with booking excursions. The hotel has a range of facilities for guests with disabilities. Wheelchair-accessible facilities are available. Additional facilities include a newspaper stand. Guests arriving by car can park their vehicles in the garage or in the parking lot. Further services and facilities include a car rental service, room service, a laundry service and a coin-operated laundry. Active guests can make use of the bicycle rental service to explore the surrounding area. Complimentary newspapers are available. The business center is on hand for guests' business requirements and provides a fax machine.",
    "StartTimeZoneId": null,
    "StartTimeInMinutes": null,
    "DurationInMinutes": null,
    "StartTerminal": null,
    "StartGate": null,
    "PriceInCents": null,
    "CurrencyCode": null,
    "TransportationIdentifier": null,
    "EventType": 100,
    "PartnerIdentifier": null,
    "Images": [],
    "ReservationDescription": null
  },
  {
    "Id": 3765512,
    "CreatedByUserId": 3310065,
    "IsActive": false,
    "SegmentProviderName": null,
    "SegmentIdentifier": "686501 - 51209544 - Invoice to 50DN",
    "Name": "Hotel Katla - Superior Double Room including breakfast",
    "Description": "<!-- __v1.174fcf56:70c90ca536327bf2723f39c50fbfd419 --><p><strong>Location</strong></p><p>This hotel is located in Vík í Mýrdal. Hotel Katla is located in South-Iceland in about 5 km distance from Vík in Mýrdal, only a 2.5 hour drive from Reykjavik. The hotel offers spacious rooms in a breathtaking environment, surrounded by mountains, black sands and glaciers. Guests have free access to an outdoor geothermal pool, sauna and gym, great for relaxation.</p><p><strong>Facilities</strong></p><p>The friendly staff at the reception desk are happy to answer any questions. A baggage storage service, a 24-hour security service, medical assistance, a conference room, a fax machine and a smoke alarm are available. Wireless internet access allows guests to stay connected while on vacation. The tour desk offers assistance with booking excursions. The hotel offers various facilities for guests with disabilities. An elevator and wheelchair-accessible facilities are available. A garden provides extra space for rest and relaxation in the open air. Guests arriving by car can park their vehicles in the parking lot.</p>",
    "StartTimeZoneId": null,
    "StartTimeInMinutes": null,
    "DurationInMinutes": null,
    "StartTerminal": null,
    "StartGate": null,
    "PriceInCents": null,
    "CurrencyCode": null,
    "TransportationIdentifier": null,
    "EventType": 6,
    "PartnerIdentifier": null,
    "Images": [
      "https://d6ham14n5a27z.cloudfront.net/img/c_w400,h300,mFocusCover/i_h64ea7ce3860fff68f3af3c5ee3c70d9331182469.jpg"
    ],
    "ReservationDescription": "Superior Double Room including breakfast"
  },
  {
    "Id": 4046118,
    "CreatedByUserId": 3310065,
    "IsActive": true,
    "SegmentProviderName": null,
    "SegmentIdentifier": null,
    "Name": "Practical Details:  Emergency Contacts",
    "Description": "<!-- __v1.174fcf56:88e1d110434d5c164e602e3382db6efa --><p><strong>Review</strong></p><p>Have a wonderful trip! Please share your best moments with our travelling community via Facebook / Instagram. And after you have returned home safely, we would appreciate it if you took some time to review our service on (Facebook / Google). Your feedback is important to us.</p><p>&nbsp;</p><p><strong>Your travel documents:</strong></p><p>If you have any questions regarding the documents, please contact the Destination Specialist who booked the tour for you – she/he will be happy to go through the travel documents with you.</p><p><strong>Before Travel:</strong></p><ul><li>Please ensure you have a working international phone plan for emergencies.&nbsp;</li><li>Make sure we have your flight information, dietary restrictions, or medical requirements.</li><li>Please feel free to access our Practical Destination Info, including packing lists and city guides.</li><li>Kindly visit our FAQ page for further tips.</li></ul><p>&nbsp;</p><p><strong>Who to contact while travelling:</strong></p><ul><li>Call the local emergency number: 112 in a life-threatening emergency.&nbsp;</li><li>Call our 24/7 number +47 21 04 0101 (voice only) for urgent assistance with your itinerary (flight delays, rescheduling services).&nbsp;</li><li>Contact the hotel's reception for assistance with your hotel room or booking activities.&nbsp;</li><li>Email our sales team for any non-urgent matters (only monitored during local office hours).</li></ul><p>&nbsp;</p><p><strong>Note on Vouchers:</strong></p><p>You only need a voucher if you have been given a voucher with your travel documents. We recommend printing this just in case and presenting it before the tour starts.</p><p>&nbsp;</p><p><strong>Terms &amp; Conditions:</strong></p><p>All arrangements are subject to our booking terms &amp; conditions, which can be found on:</p><p>www.fiftydegreesnorth.com/booking-conditions</p><p>&nbsp;</p><p><strong>Visa &amp; Documentation Responsibility:</strong></p><p>It is your responsibility to ensure that you have the appropriate documentation, including visas. We are happy to assist you in determining visa requirements wherever possible. For details see:</p><p>www.fiftydegreesnorth.com/visas&nbsp;</p><p>&nbsp;</p><p><strong>Travel Safe:&nbsp;</strong></p><p>Travel Insurance is strongly recommended. Please ensure that you hold an adequate travel insurance policy. For more information on safe travel, please visit: www.fiftydegreesnorth.com/travel-safe&nbsp;</p><p>&nbsp;</p><p><strong>Vaccinations:</strong></p><p>It is your responsibility to have appropriate vaccinations for your travel destination. Please contact your nearest vaccination clinic or your family physician for advice.&nbsp;</p>",
    "StartTimeZoneId": null,
    "StartTimeInMinutes": null,
    "DurationInMinutes": null,
    "StartTerminal": null,
    "StartGate": null,
    "PriceInCents": null,
    "CurrencyCode": null,
    "TransportationIdentifier": null,
    "EventType": 12,
    "PartnerIdentifier": null,
    "Images": [],
    "ReservationDescription": null
  },
  {
    "Id": 4107123,
    "CreatedByUserId": 3310065,
    "IsActive": true,
    "SegmentProviderName": null,
    "SegmentIdentifier": null,
    "Name": null,
    "Description": "<!-- __v1.174fcf56:bf6b3a677a60eea3849250cabf30c7cb --><p><strong>Mr David Knoll:&nbsp;</strong>Dietary Requirements: Vegetarian &amp; Lactose free</p><p><strong>Dr Karen Knoll:</strong> Dietary Requirements: Vegetarian &amp; Lactose free</p><p><strong>Booking #:&nbsp;</strong>5MFT121630</p><p><strong>Date:</strong> 12 Jun 2024</p><p><strong>Consultant:</strong> Gemma Steel</p><p><strong>E-mail:</strong> info@fiftydegreesnorth.com</p>",
    "StartTimeZoneId": null,
    "StartTimeInMinutes": null,
    "DurationInMinutes": null,
    "StartTerminal": null,
    "StartGate": null,
    "PriceInCents": null,
    "CurrencyCode": "USD",
    "TransportationIdentifier": null,
    "EventType": 12,
    "PartnerIdentifier": null,
    "Images": [],
    "ReservationDescription": null
  },
  {
    "Id": 4107124,
    "CreatedByUserId": 3310065,
    "IsActive": true,
    "SegmentProviderName": null,
    "SegmentIdentifier": null,
    "Name": "Emergency Contacts",
    "Description": "<!-- __v1.174fcf56:8c35229dac84eb2a8d4daad17ac9dbe2 --><p><strong><em>Emergency contacts – Norway: +47 21 04 01 01 (voice only)</em></strong></p><p><em>Please note, emails are not monitored outside of business hours.&nbsp;</em></p><p><em>In an <strong>urgent</strong> matter, please call the number above.</em></p><p>In the itinerary below you will also have important direct contact numbers for our guides, transfers and hotels. <strong>Please only use these to notify the service providers if you are running late or you cannot find your guide/driver.</strong> You will not be able to make any changes to your dates/timings by contacting the service providers directly. Please contact our Sales Teams for changes and we will do our best to assist.</p>",
    "StartTimeZoneId": null,
    "StartTimeInMinutes": null,
    "DurationInMinutes": null,
    "StartTerminal": null,
    "StartGate": null,
    "PriceInCents": null,
    "CurrencyCode": "USD",
    "TransportationIdentifier": null,
    "EventType": 12,
    "PartnerIdentifier": null,
    "Images": [],
    "ReservationDescription": null
  },
  {
    "Id": 4107125,
    "CreatedByUserId": 3310065,
    "IsActive": true,
    "SegmentProviderName": null,
    "SegmentIdentifier": null,
    "Name": "All our tour prices include the following:",
    "Description": "<!-- __v1.174fcf56:606d0902da963214bf80759974841323 --><p>- Itineraries designed by Nordic Destination Specialists</p><p>-&nbsp;24/7 Emergency Support</p><p>- All government taxes and fees</p>",
    "StartTimeZoneId": null,
    "StartTimeInMinutes": null,
    "DurationInMinutes": null,
    "StartTerminal": null,
    "StartGate": null,
    "PriceInCents": null,
    "CurrencyCode": "USD",
    "TransportationIdentifier": null,
    "EventType": 12,
    "PartnerIdentifier": null,
    "Images": [],
    "ReservationDescription": null
  },
  {
    "Id": 4274577,
    "CreatedByUserId": 3310065,
    "IsActive": true,
    "SegmentProviderName": null,
    "SegmentIdentifier": null,
    "Name": "Itinerary Prepared For ",
    "Description": "<!-- __v1.174fcf56:133b663df4d4b19c7586a3f23af7b0f1 --><p><strong><span style=\"background-color: rgba(255, 201, 201, 1)\">Mr David Knoll:&nbsp;</span></strong></p><p><span style=\"background-color: rgba(255, 201, 201, 1)\">Dietary Requirements: Vegetarian &amp; Lactose free</span></p><p><span style=\"background-color: rgba(255, 201, 201, 1)\">Medical Requirements:</span></p><p><span style=\"background-color: rgba(255, 201, 201, 1)\"><strong>Dr Karen Knoll:</strong>&nbsp;</span></p><p><span style=\"background-color: rgba(255, 201, 201, 1)\">Dietary Requirements: Vegetarian &amp; Lactose free</span></p><p><span style=\"background-color: rgba(255, 201, 201, 1)\">Medical Requirements:&nbsp;</span></p><p><span style=\"background-color: rgba(255, 201, 201, 1)\"><strong>Booking #:&nbsp;</strong>5MFT121630</span></p><p><span style=\"background-color: rgba(255, 201, 201, 1)\"><strong>Date:</strong> 12 Jun 2024</span></p><p><span style=\"background-color: rgba(255, 201, 201, 1)\"><strong>Consultant:</strong> Gemma Steel</span></p><p><span style=\"background-color: rgba(255, 201, 201, 1)\"><strong>Agent:&nbsp;</strong>John Wilson</span></p><p><span style=\"background-color: rgba(255, 201, 201, 1)\"><strong>E-mail:</strong> info@fiftydegreesnorth.com</span></p>",
    "StartTimeZoneId": null,
    "StartTimeInMinutes": null,
    "DurationInMinutes": null,
    "StartTerminal": null,
    "StartGate": null,
    "PriceInCents": null,
    "CurrencyCode": null,
    "TransportationIdentifier": null,
    "EventType": 12,
    "PartnerIdentifier": null,
    "Images": [],
    "ReservationDescription": null
  },
  {
    "Id": 4274582,
    "CreatedByUserId": 3310065,
    "IsActive": true,
    "SegmentProviderName": null,
    "SegmentIdentifier": null,
    "Name": "Emergency Contacts",
    "Description": "<!-- __v1.174fcf56:8c35229dac84eb2a8d4daad17ac9dbe2 --><p><strong><em>Emergency contacts – Norway: +47 21 04 01 01 (voice only)</em></strong></p><p><em>Please note, emails are not monitored outside of business hours.&nbsp;</em></p><p><em>In an <strong>urgent</strong> matter, please call the number above.</em></p><p>In the itinerary below you will also have important direct contact numbers for our guides, transfers and hotels. <strong>Please only use these to notify the service providers if you are running late or you cannot find your guide/driver.</strong> You will not be able to make any changes to your dates/timings by contacting the service providers directly. Please contact our Sales Teams for changes and we will do our best to assist.</p>",
    "StartTimeZoneId": null,
    "StartTimeInMinutes": null,
    "DurationInMinutes": null,
    "StartTerminal": null,
    "StartGate": null,
    "PriceInCents": null,
    "CurrencyCode": null,
    "TransportationIdentifier": null,
    "EventType": 12,
    "PartnerIdentifier": null,
    "Images": [],
    "ReservationDescription": null
  },
  {
    "Id": 4274591,
    "CreatedByUserId": 3310065,
    "IsActive": true,
    "SegmentProviderName": null,
    "SegmentIdentifier": null,
    "Name": "All our tour prices include the following:",
    "Description": "<!-- __v1.174fcf56:606d0902da963214bf80759974841323 --><p>- Itineraries designed by Nordic Destination Specialists</p><p>-&nbsp;24/7 Emergency Support</p><p>- All government taxes and fees</p>",
    "StartTimeZoneId": null,
    "StartTimeInMinutes": null,
    "DurationInMinutes": null,
    "StartTerminal": null,
    "StartGate": null,
    "PriceInCents": null,
    "CurrencyCode": null,
    "TransportationIdentifier": null,
    "EventType": 12,
    "PartnerIdentifier": null,
    "Images": [],
    "ReservationDescription": null
  }
]
