<EMAIL_CMD_START>
To:e4jmjn1m@robot.zapier.com
Bcc:jrb@fiftydegreesnorth.com
From: <ue>
Subject: XML Export: <bn>
<EMAIL_CMD_END>
<DATEFORMAT:YYYY-MM-DD>
<?xml version="1.0"?>
<Trip xmlns:nts="notes" xmlns:start="start" xmlns:end="end" xmlns:ex="extra">
<BookingId><bhd></BookingId>
<Ref><br></Ref>
<!--Itinerary Details-->
<Name><br>:<bn></Name>
<Active>true</Active>
<IsChatDisabled>false</IsChatDisabled>
<IsPdfEnabled>true</IsPdfEnabled>
<IsAppEnabled>true</IsAppEnabled>
<Status>active</Status>
<IsArchived>false</IsArchived>
<Currency>USD</Currency>
<SalesLocation>US</SalesLocation>
<TourplanConsultant><cn></TourplanConsultant>
<Consultant><ct></Consultant>
<AgentID><ac></AgentID>
<AgentRef><ar></AgentRef>
<Email><ue></Email>
<TermsAndConditions><nts:TC></TermsAndConditions>
<!--BOOKING NOTES-->
<!--Travellers -->
<Travellers>
<<Names:start>>
<Traveller>
<Title><Title:XML></Title>
<FullName><forename>&nbsp;<surname></FullName>
<Type><PaxType:XML></Type>
<Email><notes2></Email>
<DietaryRequirements><notes4></DietaryRequirements>
<MedicalConditions><notes5></MedicalConditions>
</Traveller>
<<Names:end>>
</Travellers>
<!--Rooms-->
<RoomConfigs>
<<ROOMS:start>>
<RoomConfig>
<RoomType><RoomType:d:xml></RoomType>
<TravellerAssignments>
<<Names:start>>
<TravellerAssignment>
<FullName><forename> <surname></FullName>
</TravellerAssignment>
<<Names:end>>
</TravellerAssignments>
</RoomConfig>
<<Rooms:end>>
</RoomConfigs>
<!--Days-->
<TripDays>
<<services:start>>
<<default>>
<TripDay><Date:XML></TripDay>
<<services:end>>
</TripDays>
<!--TripEvents-->
<TripEvents>
<<services:start>>
<<default>>
<TripEvent>
<!--TripEvent Details/Description-->
<SegmentProviderName><sn></SegmentProviderName>
<Name><optn></Name>
<LocationCode><nts:loc></LocationCode>
<Description>
<ServiceRemarks><rm></ServiceRemarks>
<ServiceNote><nts:nte></ServiceNote>
<InfoNote><nts:inf></InfoNote>
<ShortItineraryNote><nts:sit></ShortItineraryNote>
<ItineraryNote><nts:vou></ItineraryNote>
<TravelInformation><nts:tin></TravelInformation>
</Description>
<!-- Service ID -->
<PartnerIdentifier>itinerary_service_id_<optd></PartnerIdentifier>
<!-- Service Category -->
<EventType><SRV></EventType>
<!-- Service Status -->
<SegmentIdentifier><scf></SegmentIdentifier>
<TourplanServiceStatus><std></TourplanServiceStatus>
<!-- Service Location -->
<LocationCode><LOC></LocationCode>
<!-- Service Suppllier Contact Details -->
<Address><sa1> <sa2> <sa3>, <sa4> <sa5> <spc></Address>
<Phone><spp></Phone>
<!--Service Date-->
<Date><Date:XML></Date>
<!--Service Pickup Details -->
<StartDate><pud></StartDate>
<StartTime><put></StartTime>
<StartLocation><pu>&nbsp;<locd></StartLocation>
<!--Service DropOff Details -->
<EndDate><dpd></EndDate>
<EndTime><dpt></EndTime>
<EndLocation><dp>&nbsp;<vt1></EndLocation>
<!--Service Duration -->
<SCU><SCU:XML></SCU>
<SCUqty><qty2></SCUqty>
<SequenceNumber><seq></SequenceNumber>
<!--Vehicle Room Cabin Vessel -->
<Vessel><sn> <rm></Vessel>
<VehicleType><optc></VehicleType>
<CabinType><optc></CabinType>
<RoomType><optn></RoomType>
<!--Service Options-->
<Inclusions>
<Included><ex:1></Included>
<Included><ex:2></Included>
<Included><ex:3></Included>
<Included><ex:4></Included>
<Included><ex:5></Included>
<Included><nts:RIN/></Included>
</Inclusions>
<!--Service Assignment -->
<TravellerAssignments>
<<Names:start>>
<TravellerAssignment>
<FullName><forename> <surname></FullName>
</TravellerAssignment>
<<Names:end>>
</TravellerAssignments>
<Adults><pax></Adults>
<Children><chd></Children>
<Infants><inf></Infants>
<!--Service Rooms -->
<RoomConfigs>
<<ROOMS:start>>
<RoomConfig>
<RoomType><RoomType:d:xml></RoomType>
<TravellerAssignments>
<<Names:start>>
<TravellerAssignment>
<FullName><forename> <surname></FullName>
</TravellerAssignment>
<<Names:end>>
</TravellerAssignments>
</RoomConfig>
<<Rooms:end>>
</RoomConfigs>
</TripEvent>
<<services:end>>
</TripEvents>
<!--Optionals (Copy Service Tags here)-->
<<Optionals:start>>
<<optionalservices:start>>
<<default>>
<<optionalservices:end>>
<<Optionals:end>>
</Trip>

